name,vector_0,vector_1,vector_2,vector_3,vector_4,vector_5,vector_6,vector_7,vector_8,vector_9,vector_10,vector_11,vector_12,vector_13,vector_14,vector_15,vector_16,vector_17,vector_18,vector_19,vector_20,vector_21,vector_22,vector_23,vector_24,vector_25,vector_26,vector_27,vector_28,vector_29
MemberReference,-0.2358134,0.18857345,0.13212323,-0.07925639,-0.21062286,-0.077581905,-0.06498539,-0.08401797,0.0232282,0.056936555,-0.15433717,-0.3010857,0.15945879,-0.1343974,0.11963544,0.06314176,-0.14464077,-0.17107187,-0.07577935,-0.11314387,0.3201632,0.16297145,0.04660583,0.61549866,0.32460296,0.01313108,-0.07663088,0.012767567,-0.08450076,0.020105507,
MethodInvocation,-0.16843252,0.4991955,0.07831615,-0.15362523,-0.27956042,-0.17757152,0.09335266,0.047131233,0.08353955,0.04386934,-0.07346624,-0.3242983,0.22851573,-0.08084982,0.19823912,0.15319328,-0.22438197,-0.123903595,-0.16833921,-0.10500339,0.22162081,-0.0053016488,0.1034253,0.5363016,0.6081195,-0.02572222,0.007574375,-0.030723747,-0.101205654,-0.01822362,
ReferenceType,-0.06528663,0.2580526,0.23287356,-0.117532454,-0.033313263,-0.03746875,0.013057814,-0.16779473,0.12389833,0.12411617,-0.24905853,-0.2833036,-0.056160305,0.10247371,-0.043258633,0.109314,0.00683148,0.0045407033,-0.08843495,-0.45920858,0.28018308,0.33179122,0.013662978,0.46567318,0.4784427,0.12233853,0.22393107,0.075361334,0.16455667,0.11444234,
StatementExpression,0.028194012,0.3391936,0.064102024,-0.23849921,-0.13398692,0.057761032,0.17336383,-0.033430178,-0.03241223,-0.08401827,-0.112716235,-0.19707488,0.20050338,-0.08349622,0.19314016,0.024634395,-0.28358635,-0.20843855,-0.11825271,-0.30412352,0.211988,0.27537456,0.18528914,0.5651188,0.3746968,0.0035474158,0.040801525,0.03690648,-0.10344309,0.054404434,
VariableDeclarator,-0.16787986,0.20657355,-0.012091141,-0.0045289774,0.043325108,-0.054905113,-0.07844822,-0.35689318,0.1404978,0.11224587,-0.29704696,-0.3996046,0.11987126,0.17300569,-0.08589153,0.061125647,-0.021937206,0.23985371,-0.29453412,-0.43844032,0.19783206,0.009870914,0.2336844,0.5345362,0.37232456,0.16866326,0.041576687,-0.019975482,0.3737998,-0.14932556,
BlockStatement,-0.42475912,0.61080676,0.23474829,-0.15470219,-0.3524612,-0.38522065,0.13583726,0.0445604,0.19272792,0.028479239,0.061915345,-0.48289752,0.07605685,-0.05833404,0.17294505,0.15189226,-0.05053671,-0.17877392,-0.09179709,-0.19762327,0.30668947,0.049699128,-0.050327197,0.29347068,0.41317773,-0.2009612,-0.021741394,0.031807445,-0.057876214,-0.04661765,
IfStatement,-0.0958084,0.33030844,-0.001545344,-0.14203769,-0.09892729,-0.22067715,0.10931343,-0.0008982735,0.028904917,0.12141039,-0.09736733,-0.36559305,0.22114,-0.107975446,0.14597584,0.13913809,-0.08164862,-0.10309993,0.113780595,-0.24828495,0.20840076,0.028739564,-0.0741149,0.61834824,0.6682267,-0.016793694,0.13712567,0.07973969,0.04812676,0.033439267,
MethodDeclaration,-0.2692979,0.07054385,0.4893366,0.013018354,0.17010154,0.044631872,-0.16611625,0.036623307,-0.008860985,0.294738,-0.07310576,-0.20402727,0.020443784,-0.0686423,-0.19059147,-0.074018784,-0.09570835,-0.34752432,-0.19487946,-0.5797428,0.23995428,0.5501072,-0.27370495,0.68317294,0.04138998,0.40175244,0.075658694,0.13461839,-1.254509e-05,0.21797186,
FormalParameter,-0.176782,0.04966645,0.3479552,-0.0035034423,0.21438543,0.020620463,-0.054782722,0.09012136,0.00055340456,0.20475979,-0.0024009745,-0.18853939,0.12090024,-0.009636569,-0.0635439,-0.13289723,-0.14878035,-0.1991609,-0.37233052,-0.57993215,0.17921089,0.3792353,-0.15205862,0.7970063,0.08878049,0.4036838,0.005248924,0.096763894,0.11724226,0.051099505,
BasicType,-0.25566992,0.12361348,0.2657284,-0.18305565,-0.025552321,-0.06428103,-0.16255179,-0.5324262,0.08136953,0.22192729,-0.283882,-0.4270906,0.17189685,0.004352311,-0.1141985,-0.12957461,0.12056408,-0.2710177,-0.09668891,-0.37828618,0.3535998,0.5437283,-0.06891773,0.3790806,-0.00617001,0.2951537,0.094748415,-0.1751881,0.08428473,-0.25200018,
ReturnStatement,-0.34176257,-0.04262257,0.115184344,-0.035851385,-0.011314399,-0.16816247,-0.11303353,-0.014737096,0.108664654,0.27632853,0.03271302,-0.26982528,0.16408816,-0.16046742,-0.07442569,-0.0013074819,0.004448209,-0.44391367,0.008115999,-0.45953918,0.26925677,0.4274027,-0.37137055,0.67276365,0.30831817,0.12308432,0.113456674,0.05254645,0.05025616,0.13054225,
ThrowStatement,-0.3352041,0.15592422,0.16148677,0.16757098,-0.27140394,-0.14488877,-0.04396196,0.23366523,0.11607968,0.18371388,-0.08233647,-0.3146092,-0.08738646,-0.1787082,0.00711275,0.34028113,-0.09021356,-0.10861577,0.10134778,-0.21801822,0.27230793,0.056842696,-0.045806747,0.80113363,0.70861524,-0.15146184,-0.11096453,0.21524079,-0.021747738,0.2836236,
CatchClause,0.0065786545,-0.038971417,0.20730093,0.12187142,-0.48611373,0.2631776,-0.00743567,-0.02746133,0.09323244,0.16665669,-0.3949299,-0.10161395,-0.14296235,-0.24843603,0.016259646,0.4597588,-0.2389795,-0.10228154,0.28950894,-0.1557415,0.30261526,0.18866298,0.35102287,0.91096425,0.93772316,-0.21453874,-0.032524597,0.09305879,-0.10156529,0.43317816,
CatchClauseParameter,-0.2444534,0.2582746,0.1304013,0.22343299,-0.41014904,0.18937881,-0.2036276,0.105932534,-0.1336973,-0.014131456,-0.39528635,-0.25342372,-0.2751995,-0.110606074,-0.12148664,0.39588794,-0.2708826,-0.046508964,0.16938628,-0.1353131,0.5040696,0.31765598,0.16361749,0.6484696,0.79643965,-0.24305567,0.030814046,0.36577728,-0.06583568,0.6233533,
TryStatement,-0.09420875,0.2685404,0.17004865,0.08106506,-0.37417117,0.26128054,-0.082629256,-0.10252205,-0.043080382,0.033316348,-0.41866118,-0.26473722,-0.14720891,-0.049754795,-0.050928537,0.2945503,-0.26916343,0.046527218,0.07369346,-0.2359053,0.32042164,0.16786855,0.3545782,0.5434517,0.6669693,-0.18002385,-0.006277497,0.24412869,-0.06531712,0.416957,
ForStatement,-0.48714668,0.37011412,0.074986346,-0.080331884,-0.17142166,-0.27105665,-0.08392623,-0.44511428,0.10178722,0.19846344,-0.14338924,-0.55417436,0.32435295,0.062133927,0.12690753,0.04362826,0.1235624,-0.18681215,0.09104279,-0.05259703,0.539826,0.184254,0.082017265,0.35287413,0.015608134,-0.10468763,-0.08141595,-0.15256722,-0.0077151,-0.49127758,
ForControl,-0.38701233,0.25191236,0.20805764,-0.3248113,-0.41521287,-0.43388906,-0.047146488,-0.5232331,0.20765106,-0.010716324,-0.12283541,-0.5572757,0.32116958,-0.11198987,0.25334245,-0.17404413,0.015726192,-0.14564374,-0.1655579,-0.18763824,0.29577303,-0.086816885,-0.010348427,0.34391516,0.09779059,-0.07280507,-0.025407175,-0.12019191,0.085808694,-0.27882683,
ClassDeclaration,-0.077509075,0.1448085,0.4489933,0.1318805,0.24757841,0.19372366,-0.28186542,-0.3857418,0.06849504,0.44479343,-0.4779141,-0.4416457,-0.17876276,0.44764534,-0.38337675,-0.14338621,0.066233955,0.3900157,-0.547837,-0.76121145,0.30948216,0.29414603,0.0861781,0.5742413,0.09759884,0.6132273,0.1451153,0.14606243,0.6004097,-0.0660007,
PackageDeclaration,-0.15169811,0.10916502,0.30299008,0.17735808,0.385666,0.23540778,-0.40987954,-0.5747398,0.22036907,0.4297988,-0.5537897,-0.45082045,-0.07188759,0.46576512,-0.47721303,-0.09804653,0.06550643,0.4295474,-0.73504275,-0.7730807,0.1753935,0.37424558,0.1632687,0.5930083,0.14247088,0.7259836,0.18544102,0.0072022947,0.5856361,-0.12736414,
ConstructorDeclaration,-0.0053068902,0.19361164,0.49817038,0.018766036,0.32178146,0.2952026,-0.20594884,-0.1333804,0.019047271,0.21913067,-0.36392078,-0.18902333,-0.030511135,0.24550152,-0.23775162,-0.15432033,-0.18543488,0.18802966,-0.67276603,-0.65870804,0.12989625,0.40273607,0.15580404,0.68132216,0.060609773,0.6862483,0.06942611,0.07892067,0.23534882,0.03141098,
WhileStatement,-0.09023171,0.49203008,-0.054721892,-0.117382206,-0.28299728,-0.063770846,0.0017418,-0.22048584,0.054738086,0.066411704,-0.17138924,-0.4028904,0.2419001,0.057866316,0.15433474,0.061748,-0.17646153,0.04162206,-0.09397242,-0.15806518,0.26750553,-0.079394095,0.24617524,0.4032732,0.44845268,-0.08819527,0.022466334,0.04327699,0.051389914,-0.08362193,
SuperMethodInvocation,-0.093441404,-0.063368276,0.3296999,0.011685874,0.048111632,-0.021869272,0.11418908,0.3163273,-0.077651806,0.13760135,0.08702285,-0.2050764,0.054902904,-0.2680246,0.24180491,-0.02805388,-0.38267648,-0.5071423,-0.11052241,-0.43381822,0.4072769,0.33383316,-0.14952083,1.0828278,0.069556095,0.17374389,-0.14153418,0.24478148,-0.13425867,0.3467649,
BreakStatement,-0.2654343,0.7249194,-0.39365074,-0.4250794,-0.90703994,-0.05338643,0.12256111,-0.5213408,0.11838197,-0.094134465,-0.03377022,-0.68135506,0.6283536,-0.020348523,0.67016935,-0.08672934,-0.3082788,-0.4202924,0.08955031,-0.062030163,0.8243005,0.14215694,0.43528825,0.29797372,-0.00828535,-0.7057273,-0.23197426,-0.0039230892,-0.29521346,-0.25290576,
SwitchStatementCase,-0.18792205,0.8214794,-0.39555982,-0.50654703,-0.9638588,0.027075099,0.19316177,-0.44106528,0.07343729,-0.1828733,-0.0017473048,-0.6790059,0.6687815,-0.05367206,0.7462479,-0.099412076,-0.4784255,-0.45035785,0.07813108,-0.13472123,0.8121288,0.17357343,0.5112658,0.4475783,0.083693445,-0.74202067,-0.24622339,0.05628601,-0.32117882,-0.13086559,
ContinueStatement,-0.283123,0.5081211,-0.07409106,-0.21509643,-0.38830283,-0.20514227,0.053830344,-0.3672234,0.141938,0.010851389,-0.11472697,-0.5131486,0.33688217,0.023857934,0.26569888,0.026953062,-0.09287244,-0.07472433,-0.059383385,-0.12470075,0.39411974,-0.026940566,0.20785706,0.2924952,0.20969708,-0.24010077,-0.06622946,-0.0666215,-0.0068227723,-0.27721137,
InterfaceDeclaration,-0.095815666,0.037615936,0.35026088,-0.0016783753,0.28127292,0.10154428,-0.14663658,-0.16290188,0.051891394,0.2676592,-0.21047938,-0.27612165,0.022133928,0.14523566,-0.17996109,-0.15486993,-0.034405105,-0.013653603,-0.408005,-0.61293864,0.18795665,0.44170266,-0.06321623,0.65390706,0.06817039,0.5097059,0.1111914,0.042561665,0.28030393,0.010131777,
DoStatement,-0.14140642,0.3182862,0.039184347,-0.119643934,-0.23608118,-0.047368195,0.0024793842,-0.21121167,0.060376458,0.053769525,-0.15753444,-0.38266686,0.19177635,-0.015749382,0.13447496,0.06694168,-0.12918831,-0.086396426,-0.03355817,-0.19607025,0.31288254,0.10336529,0.15795773,0.46323773,0.31136626,-0.052943625,-0.02494713,0.035305098,0.012625185,-0.046810992,
SwitchStatement,-0.17304681,0.4575012,-0.10541086,-0.22941045,-0.49576026,-0.03302403,0.039262872,-0.31761608,0.07310859,0.009531871,-0.1342078,-0.50046885,0.33704516,-0.005412476,0.31624296,0.008060195,-0.21659282,-0.2224553,-0.030302543,-0.18591127,0.5173398,0.15606251,0.254047,0.47882798,0.26676676,-0.28062928,-0.06787521,0.00716808,-0.07740421,-0.07297192,
SynchronizedStatement,-0.14698522,0.23209308,0.10881725,-0.07191648,-0.1613783,-0.0077220355,0.012077087,-0.11183855,0.0561042,0.095465675,-0.13713421,-0.29847515,0.12768273,-0.02618851,0.08363574,0.028882423,-0.14849976,-0.14798538,-0.067185454,-0.27461395,0.3038161,0.21705544,0.061695497,0.5289361,0.2885637,0.012583854,-0.0124332765,0.07274334,0.0004996661,0.052313443,
